{
  "id": "1947501",
  "name": "eleporojct",
  "font_family": "iconfont",
  "css_prefix_text": "el-icon-added",
  "description": "阿里巴巴矢量图运用element",
  "glyphs": [
    {
      "icon_id": "1582431",
      "name": "icon_修改密码",
      "font_class": "icon_xiugaimima",
      "unicode": "e648",
      "unicode_decimal": 58952
    },
    {
      "icon_id": "422306",
      "name": "启用",
      "font_class": "qiyong",
      "unicode": "e6a5",
      "unicode_decimal": 59045
    },
    {
      "icon_id": "7588113",
      "name": "首页",
      "font_class": "shouye",
      "unicode": "e622",
      "unicode_decimal": 58914
    },
    {
      "icon_id": "16286940",
      "name": "地球",
      "font_class": "diqiu",
      "unicode": "e610",
      "unicode_decimal": 58896
    },
    {
      "icon_id": "8169800",
      "name": "人员",
      "font_class": "renyuan",
      "unicode": "e60f",
      "unicode_decimal": 58895
    },
    {
      "icon_id": "9674104",
      "name": "访客",
      "font_class": "fangke",
      "unicode": "e62c",
      "unicode_decimal": 58924
    },
    {
      "icon_id": "1089289",
      "name": "返回",
      "font_class": "buoumaotubiao09",
      "unicode": "e608",
      "unicode_decimal": 58888
    },
    {
      "icon_id": "5809105",
      "name": "传阅记录",
      "font_class": "chuanyuejilu",
      "unicode": "e665",
      "unicode_decimal": 58981
    },
    {
      "icon_id": "7095586",
      "name": "配饰-手表-线性",
      "font_class": "peishi-shoubiao-xianxing",
      "unicode": "e612",
      "unicode_decimal": 58898
    },
    {
      "icon_id": "7274105",
      "name": "人员管理",
      "font_class": "renyuanguanli",
      "unicode": "e621",
      "unicode_decimal": 58913
    },
    {
      "icon_id": "14915054",
      "name": "人员设置",
      "font_class": "renyuanshezhi-05",
      "unicode": "e630",
      "unicode_decimal": 58928
    }
  ]
}
