{
  "description": "项目配置文件",
  "packOptions": {
    "ignore": []
  },
  "miniprogramRoot": "miniprogram/",
  "compileType": "miniprogram",
  "libVersion": "2.14.0",
  "projectname": "golf",
  "scripts": {
    "beforeCompile": "npm run tsc",
    "beforePreview": "npm run tsc",
    "beforeUpload": "npm run tsc"
  },
  "setting": {
    "urlCheck": false,
    "es6": true,
    "enhance": true,
    "postcss": true,
    "preloadBackgroundData": false,
    "minified": true,
    "newFeature": false,
    "coverView": true,
    "nodeModules": false,
    "autoAudits": false,
    "showShadowRootInWxmlPanel": true,
    "scopeDataCheck": false,
    "uglifyFileName": false,
    "checkInvalidKey": true,
    "checkSiteMap": true,
    "uploadWithSourceMap": true,
    "compileHotReLoad": true,
    "useMultiFrameRuntime": true,
    "useApiHook": true,
    "babelSetting": {
      "ignore": [],
      "disablePlugins": [],
      "outputPath": ""
    },
    "enableEngineNative": false,
    "bundle": false,
    "useIsolateContext": true,
    "useCompilerModule": true,
    "userConfirmedUseCompilerModuleSwitch": false,
    "userConfirmedBundleSwitch": false,
    "packNpmManually": false,
    "packNpmRelationList": [],
    "minifyWXSS": true,
    "useApiHostProcess": true
  },
  "simulatorType": "wechat",
  "simulatorPluginLibVersion": {},
  "appid": "wx9da2c4a4416f4cec",
  "condition": {}
}