{
  "id": "2162644",
  "name": "永动力",
  "font_family": "iconfont",
  "css_prefix_text": "el-icon-added",
  "description": "",
  "glyphs": [
    {
      "icon_id": "3744075",
      "name": "男生",
      "font_class": "nan",
      "unicode": "e614",
      "unicode_decimal": 58900
    },
    {
      "icon_id": "3744076",
      "name": "女生",
      "font_class": "nv",
      "unicode": "e616",
      "unicode_decimal": 58902
    },
    {
      "icon_id": "700839",
      "name": "男生",
      "font_class": "nansheng",
      "unicode": "e649",
      "unicode_decimal": 58953
    },
    {
      "icon_id": "700840",
      "name": "女生",
      "font_class": "nvsheng",
      "unicode": "e64a",
      "unicode_decimal": 58954
    },
    {
      "icon_id": "2302011",
      "name": "私密",
      "font_class": "simi",
      "unicode": "e60b",
      "unicode_decimal": 58891
    },
    {
      "icon_id": "6366911",
      "name": "推广订单",
      "font_class": "tuiguangdingdan",
      "unicode": "e613",
      "unicode_decimal": 58899
    },
    {
      "icon_id": "9242172",
      "name": "浏览",
      "font_class": "iconzhengli_liulan",
      "unicode": "e64f",
      "unicode_decimal": 58959
    },
    {
      "icon_id": "1098005",
      "name": "赛事",
      "font_class": "saishi",
      "unicode": "e648",
      "unicode_decimal": 58952
    },
    {
      "icon_id": "3550640",
      "name": "管理者",
      "font_class": "nav_user",
      "unicode": "e66d",
      "unicode_decimal": 58989
    },
    {
      "icon_id": "6129344",
      "name": "186认证、盾牌、安全、保障、质保",
      "font_class": "renzhengdunpaianquanbaozhangzhibao",
      "unicode": "e7f3",
      "unicode_decimal": 59379
    },
    {
      "icon_id": "8508297",
      "name": "财务管理",
      "font_class": "caiwuguanli",
      "unicode": "e699",
      "unicode_decimal": 59033
    },
    {
      "icon_id": "8875698",
      "name": "积分",
      "font_class": "jifen",
      "unicode": "e669",
      "unicode_decimal": 58985
    },
    {
      "icon_id": "9441425",
      "name": "系统-账号管理",
      "font_class": "xitong-zhanghaoguanli",
      "unicode": "e667",
      "unicode_decimal": 58983
    },
    {
      "icon_id": "1173185",
      "name": "车巴巴-下拉框箭头1",
      "font_class": "linecar105",
      "unicode": "e66c",
      "unicode_decimal": 58988
    },
    {
      "icon_id": "6941970",
      "name": "上传",
      "font_class": "shangchuan-",
      "unicode": "e647",
      "unicode_decimal": 58951
    },
    {
      "icon_id": "11134482",
      "name": "多行文本",
      "font_class": "duohangwenben",
      "unicode": "e61c",
      "unicode_decimal": 58908
    },
    {
      "icon_id": "16930073",
      "name": "单项选择",
      "font_class": "danxiangxuanze",
      "unicode": "e615",
      "unicode_decimal": 58901
    },
    {
      "icon_id": "6554316",
      "name": "公众号管理",
      "font_class": "gongzhonghaoguanli",
      "unicode": "e664",
      "unicode_decimal": 58980
    },
    {
      "icon_id": "979230",
      "name": "客服",
      "font_class": "kefu",
      "unicode": "e622",
      "unicode_decimal": 58914
    }
  ]
}
